Cefr,Grammar_Errors_Mean,Grammar_Errors_Std,Type_Token_Ratio_Mean,Type_Token_Ratio_Std,Lexical_Density_Mean,Lexical_Density_Std,Flesch_Reading_Ease_Mean,Flesch_Reading_Ease_Std,Wiener_Sachtextformel_Mean,Wiener_Sachtextformel_Std
A1,1.005586592178771,1.894691598941664,76.48311060815328,9.680347042184339,49.212214330872655,6.64720619327473,80.14608938547485,6.891118393342728,3.025139664804469,1.4244910810302458
A2,5.016339869281046,3.0573310447017388,82.32264016192946,8.168036205388685,45.08882715197908,5.50052480900408,79.84003267973856,8.9007675299313,2.931535947712418,1.7969230788107047
B1,9.932960893854748,12.13421569976101,74.19307410442373,8.659515338168726,44.78910990733475,4.48299322054114,74.46969273743017,10.75728906242424,4.446578212290503,2.215551055575136
B2,34.64093959731544,30.179941055954437,61.0603136533743,9.703307720518575,47.32107590277118,3.4577600095329917,62.05394295302013,8.508745203095106,7.188087248322148,1.6493284446784253
C1,64.33098591549296,27.62378902263158,55.17564714633697,6.754730918630504,49.00015335101359,2.67416685098697,58.11842723004695,7.820269717966953,8.217194835680752,1.4329871497544913
C2,47.286343612334804,33.40767145122378,53.7690369250045,6.43206445367099,49.561631117306575,2.60138377659577,54.499559471365636,8.864255294663483,8.637885462555065,1.6226077490191855
